EmployeeID,Name,Age,Department,Company
1,John Doe,28,HR,Company A
2,Jane Smith,34,Finance,Company A
3,Jim Brown,26,IT,Company A
4,Emily Davis,30,Sales,Company A
5,Michael Wilson,41,Marketing,Company A
6,Sarah Miller,39,HR,Company A
7,David Martinez,32,Finance,Company A
8,Linda Garcia,25,IT,Company A
9,James Harris,37,Sales,Company A
10,Rachel Clark,29,Marketing,Company A
11,William Walker,29,HR,Company B
12,Olivia Hall,34,Finance,Company B
13,Liam Allen,27,IT,Company B
14,Sophia Young,35,Sales,Company B
15,Benjamin King,42,Marketing,Company B
16,Charlotte Wright,38,HR,Company B
17,Alexander Scott,31,Finance,Company B
18,Amelia Adams,33,IT,Company B
19,Henry Nelson,29,Sales,Company B
20,Eva Carter,40,Marketing,Company B
21,Daniel Lewis,28,HR,Company C
22,Mia Robinson,36,Finance,Company C
23,Jack Lee,27,IT,Company C
24,Grace Hall,31,Sales,Company C
25,Ethan White,43,Marketing,Company C
26,Chloe Perez,39,HR,Company C
27,Matthew Gonzalez,32,Finance,Company C
28,Isabella Miller,30,IT,Company C
29,Sebastian Lee,33,Sales,Company C
30,Zoe Hernandez,38,Marketing,Company C
